Top pages,Clicks,Impressions,CTR,Position
https://www.dhmguide.com/never-hungover/dhm-dosage-guide-2025,111,1693,6.56%,5.62
https://www.dhmguide.com/never-hungover/dhm-vs-milk-thistle-which-liver-supplement-more-effective-2025,9,103,8.74%,6.04
https://www.dhmguide.com/reviews,7,485,1.44%,9.77
https://www.dhmguide.com/never-hungover/nac-vs-dhm-which-antioxidant-better-liver-protection-2025,6,129,4.65%,7.09
https://www.dhmguide.com/never-hungover/no-days-wasted-vs-good-morning-hangover-pills-comparison-2025,5,441,1.13%,10.38
https://www.dhmguide.com/compare,5,221,2.26%,7.12
https://www.dhmguide.com/dhm-dosage-calculator,5,121,4.13%,9.3
https://www.dhmguide.com/never-hungover/when-to-take-dhm-timing-guide-2025,4,316,1.27%,9.7
https://www.dhmguide.com/blog/dhm1000-review-2025,4,261,1.53%,8.37
https://www.dhmguide.com/never-hungover/double-wood-vs-fuller-health-after-party-comparison-2025,4,120,3.33%,8.78
https://www.dhmguide.com/never-hungover/flyby-vs-cheers-complete-comparison-2025,4,84,4.76%,7.2
https://www.dhmguide.com/never-hungover/dhm1000-review-2025,3,151,1.99%,8.88
https://www.dhmguide.com/never-hungover/dhm-vs-zbiotics,3,61,4.92%,7.89
https://www.dhmguide.com/never-hungover/no-days-wasted-vs-cheers-restore-dhm-comparison-2025,3,27,11.11%,16.56
https://www.dhmguide.com/blog/flyby-recovery-review-2025,2,403,0.5%,6.27
https://www.dhmguide.com/never-hungover/can-you-take-dhm-every-day-long-term-guide-2025,2,49,4.08%,15.71
https://www.dhmguide.com/never-hungover/double-wood-vs-nusapure-dhm-comparison-2025,2,24,8.33%,9.79
https://www.dhmguide.com/never-hungover/flyby-recovery-review-2025,1,777,0.13%,6.79
https://www.dhmguide.com/never-hungover/double-wood-vs-cheers-restore-dhm-comparison-2025,1,225,0.44%,8.28
https://www.dhmguide.com/never-hungover/fuller-health-after-party-review-2025,1,198,0.51%,7.52
https://www.dhmguide.com/never-hungover/toniiq-ease-dhm-review-analysis,1,140,0.71%,8.8
https://www.dhmguide.com/never-hungover/flyby-vs-double-wood-complete-comparison-2025,1,128,0.78%,8.65
https://www.dhmguide.com/never-hungover/complete-guide-asian-flush-comprehensive,1,111,0.9%,33.46
https://www.dhmguide.com/never-hungover/dhm-depot-review-2025,1,68,1.47%,8.19
https://www.dhmguide.com/never-hungover/double-wood-vs-dhm-depot-comparison-2025,1,58,1.72%,8.72
https://www.dhmguide.com/never-hungover/no-days-wasted-vs-toniiq-ease-dhm-comparison-2025,1,37,2.7%,9.11
https://www.dhmguide.com/never-hungover/dhm-japanese-raisin-tree-complete-guide,1,24,4.17%,23.96
https://www.dhmguide.com/blog/dhm-depot-review-2025,1,19,5.26%,8.16
https://www.dhmguide.com/never-hungover/double-wood-dhm-vs-dhm1000-comparison-2025,1,15,6.67%,6.33
https://www.dhmguide.com/never-hungover/double-wood-vs-toniiq-ease-dhm-comparison-2025,1,3,33.33%,5
https://www.dhmguide.com/dhm-dosage-calculator-new,1,3,33.33%,7.33
https://www.dhmguide.com/never-hungover/dhm-women-hormonal-considerations-safety-2025,1,2,50%,4.5
https://www.dhmguide.com/research,0,882,0%,7.42
https://www.dhmguide.com/never-hungover/dhm-randomized-controlled-trials-2024,0,821,0%,7.15
https://www.dhmguide.com/blog/fuller-health-after-party-review-2025,0,143,0%,6.18
https://www.dhmguide.com/never-hungover/no-days-wasted-vs-dhm1000-comparison-2025,0,123,0%,10.37
https://www.dhmguide.com/never-hungover/flyby-vs-fuller-health-complete-comparison-2025,0,102,0%,5.72
https://www.dhmguide.com/never-hungover/italian-drinking-culture-guide,0,89,0%,20.25
https://www.dhmguide.com/never-hungover/flyby-vs-toniiq-ease-complete-comparison-2025,0,79,0%,8.09
https://www.dhmguide.com/never-hungover/no-days-wasted-vs-fuller-health-after-party-comparison-2025,0,74,0%,9.7
https://www.dhmguide.com/,0,69,0%,12.23
https://www.dhmguide.com/never-hungover/how-long-does-hangover-last,0,66,0%,83.56
https://www.dhmguide.com/never-hungover,0,59,0%,8.24
https://www.dhmguide.com/never-hungover/no-days-wasted-vs-nusapure-dhm-comparison-2025,0,36,0%,11.25
https://www.dhmguide.com/never-hungover/flyby-vs-good-morning-pills-complete-comparison-2025,0,35,0%,9.34
https://www.dhmguide.com/blog/double-wood-dhm-review-analysis,0,33,0%,9.39
https://www.dhmguide.com/never-hungover/nusapure-dhm-review-analysis,0,33,0%,20.03
https://www.dhmguide.com/never-hungover/hangxiety-2025-dhm-prevents-post-drinking-anxiety,0,32,0%,10.47
https://www.dhmguide.com/never-hungover/double-wood-vs-good-morning-hangover-pills-comparison-2025,0,20,0%,5.45
https://dhmguide.com/never-hungover/flyby-vs-toniiq-ease-complete-comparison-2025,0,18,0%,8.11
https://www.dhmguide.com/blog/toniiq-ease-dhm-review-analysis,0,18,0%,9
https://www.dhmguide.com/never-hungover/viral-hangover-cures-tested-science-2025,0,17,0%,6.47
https://www.dhmguide.com/blog/longevity-biohacking-dhm-liver-protection,0,11,0%,37.18
https://www.dhmguide.com/blog,0,10,0%,8.8
https://www.dhmguide.com/never-hungover/natural-anxiety-relief-gaba-supplements-vs-dhm-stress-management-2025,0,8,0%,8.62
https://www.dhmguide.com/blog/dhm-japanese-raisin-tree-complete-guide,0,8,0%,17.12
https://www.dhmguide.com/never-hungover/gut-health-alcohol-microbiome-protection,0,8,0%,70.5
https://www.dhmguide.com/never-hungover/alcohol-weight-loss-metabolic-guide-2025,0,5,0%,4.2
https://www.dhmguide.com/never-hungover/double-wood-vs-no-days-wasted-dhm-comparison-2025,0,5,0%,6.8
https://www.dhmguide.com/never-hungover/international-business-success-2025,0,4,0%,3.5
https://www.dhmguide.com/never-hungover/alcohol-fertility-reproductive-health-guide-2025,0,4,0%,5
https://www.dhmguide.com/never-hungover/consultant-client-site-success-2025,0,4,0%,7
https://www.dhmguide.com/never-hungover/how-to-get-over-hangover,0,3,0%,7.67
https://www.dhmguide.com/never-hungover/dhm-vs-prickly-pear-hangovers,0,2,0%,3
https://www.dhmguide.com/never-hungover/flyby-vs-nusapure-complete-comparison-2025,0,2,0%,7.5
https://dhmguide.com/blog/heavy-drinking-maximum-protection-dhm-2025,0,2,0%,8.5
https://www.dhmguide.com/blog/nusapure-dhm-review-analysis,0,2,0%,11.5
https://www.dhmguide.com/about,0,1,0%,3
https://www.dhmguide.com/never-hungover/asian-flush-vs-alcohol-allergy-comparison,0,1,0%,4
https://www.dhmguide.com/never-hungover/wearable-technology-and-alcohol-2025-guide-to-smart-health-monitoring,0,1,0%,7
https://www.dhmguide.com/never-hungover/non-alcoholic-fatty-liver-disease-nafld-prevention-management-guide-2025,0,1,0%,8
https://www.dhmguide.com/blog/international-business-success-2025,0,1,0%,9
https://www.dhmguide.com/never-hungover/longevity-biohacking-dhm-liver-protection,0,1,0%,11
https://www.dhmguide.com/never-hungover/flyby-vs-dhm1000-complete-comparison-2025,0,1,0%,17